---TAO DU LIEU THU
--QUAN LY BENH VIEN

/* --------------- INSERT DU LIEU BANG PATIENTS --------------- */

INSERT INTO PATIENTS(PATIENT_ID, PATIENT_NAME, PATIENT_AGE, PATIENT_PHONE, PATIENT_ADDRESS, HEALTH_INSURANCE_ID)
VALUES ('PATIENT01','NGUYEN VAN A',22,'0388838362','QUAN 5','427862133');

INSERT INTO PATIENTS(PATIENT_ID, PATIENT_NAME, PATIENT_AGE, PATIENT_PHONE, PATIENT_ADDRESS, HEALTH_INSURANCE_ID)
VALUES ('PATIENT02','NGUYEN VAN B',22,'0388838362','QUAN 5','427862133');

INSERT INTO PATIENTS(PATIENT_ID, PATIENT_NAME, PATIENT_AGE, PATIENT_PHONE, PATIENT_ADDRESS, HEALTH_INSURANCE_ID)
VALUES ('PATIENT03','NGUYEN VAN C',22,'0388838362','QUAN 5','427862133');

INSERT INTO PATIENTS(PATIENT_ID, PATIENT_NAME, PATIENT_AGE, PATIENT_PHONE, PATIENT_ADDRESS, HEALTH_INSURANCE_ID)
VALUES ('PATIENT04','NGUYEN VAN D',22,'0388838362','QUAN 5','427862133');

/* --------------- INSERT DU LIEU BANG MEDICINES --------------- */
INSERT INTO MEDICINES(MEDICINE_ID , MEDICINE_NAME , MEDICINE_GROUP , MEDICINE_PRICE , MEDICINE_STOCK , MEDICINE_DESC , MANUFACTURE_DATE , EXP_DATE)
VALUES(01,'SORBITOL',1,15000,1,'DIEU TRI KHO TIEU',TO_DATE('2020/03/09','YYYY-MM-DD'),TO_DATE('2022/03/09','YYYY-MM-DD'));

INSERT INTO MEDICINES(MEDICINE_ID , MEDICINE_NAME , MEDICINE_GROUP , MEDICINE_PRICE , MEDICINE_STOCK , MEDICINE_DESC , MANUFACTURE_DATE , EXP_DATE)
VALUES(02,'SORBITOL',2,15000,2,'CAM CUM',TO_DATE('2020/03/09','YYYY-MM-DD'),TO_DATE('2022/03/09','YYYY-MM-DD'));

INSERT INTO MEDICINES(MEDICINE_ID , MEDICINE_NAME , MEDICINE_GROUP , MEDICINE_PRICE , MEDICINE_STOCK , MEDICINE_DESC , MANUFACTURE_DATE , EXP_DATE)
VALUES(03,'SORBITOL',3,15000,3,'DA DAY',TO_DATE('2020/03/09','YYYY-MM-DD'),TO_DATE('2022/03/09','YYYY-MM-DD'));

INSERT INTO MEDICINES(MEDICINE_ID , MEDICINE_NAME , MEDICINE_GROUP , MEDICINE_PRICE , MEDICINE_STOCK , MEDICINE_DESC , MANUFACTURE_DATE , EXP_DATE)
VALUES(04,'SORBITOL',4,15000,4,'TIM MACH',TO_DATE('2020/03/09','YYYY-MM-DD'),TO_DATE('2022/03/09','YYYY-MM-DD'));

/* --------------- INSERT DU LIEU BANG SERVICES --------------- */
INSERT INTO SERVICES(SERVICE_ID , SERVICE_NAME , SERVICE_COST , SERVICE_DESC)
VALUES(01,'XET NGHIEM MAU',150000,NULL);

INSERT INTO SERVICES(SERVICE_ID , SERVICE_NAME , SERVICE_COST , SERVICE_DESC)
VALUES(02,'SIEU AM',150000,NULL);

INSERT INTO SERVICES(SERVICE_ID , SERVICE_NAME , SERVICE_COST , SERVICE_DESC)
VALUES(03,'NOI SOI',150000,NULL);

INSERT INTO SERVICES(SERVICE_ID , SERVICE_NAME , SERVICE_COST , SERVICE_DESC)
VALUES(04,'CHUP XQUANG',150000,NULL);

/* --------------- INSERT DU LIEU BANG DEPARTMENTS --------------- */
INSERT INTO DEPARTMENTS(DEP_ID , DEP_NAME , DEP_TYPE )
VALUES(01,'SIEU AM',1);

INSERT INTO DEPARTMENTS(DEP_ID , DEP_NAME , DEP_TYPE )
VALUES(02,'CHUP XQUANG',2);

INSERT INTO DEPARTMENTS(DEP_ID , DEP_NAME , DEP_TYPE )
VALUES(03,'NOI SOI',3);

INSERT INTO DEPARTMENTS(DEP_ID , DEP_NAME , DEP_TYPE )
VALUES(04,'XET NGHIEM',4);

/* --------------- INSERT DU LIEU BANG UNIT_WORKS --------------- */
INSERT INTO UNIT_WORKS(UNIT_ID , UNIT_NAME )
VALUES(01,'NHAN SU');

INSERT INTO UNIT_WORKS(UNIT_ID , UNIT_NAME )
VALUES(02,'TAI VU');

INSERT INTO UNIT_WORKS(UNIT_ID , UNIT_NAME )
VALUES(03,'BAC SI');

INSERT INTO UNIT_WORKS(UNIT_ID , UNIT_NAME )
VALUES(04,'KE TOAN');

INSERT INTO UNIT_WORKS(UNIT_ID , UNIT_NAME )
VALUES(05,'TIEP TAN VA DIEU PHOI');

INSERT INTO UNIT_WORKS(UNIT_ID , UNIT_NAME )
VALUES(06,'CHUYEN MON');

INSERT INTO UNIT_WORKS(UNIT_ID , UNIT_NAME )
VALUES(07,'THUOC');

/* --------------- INSERT DU LIEU BANG EMPLOYEES --------------- */
INSERT INTO EMPLOYEES(EMP_ID , UNIT_ID, EMP_NAME , EMP_AGE , EMP_ADDRESS , EMP_PHONE , EMP_BASIC_SALARY , EMP_ALLOWANCE , EMP_SPECIALITY , EMP_EXPERIENCE , EMP_TYPE)
VALUES('HR01',01,'TRANG',22,'QUAN 5','0388838362',10000000,500000,'NHAN SU',5,01);

INSERT INTO EMPLOYEES(EMP_ID , UNIT_ID, EMP_NAME , EMP_AGE , EMP_ADDRESS , EMP_PHONE , EMP_BASIC_SALARY , EMP_ALLOWANCE , EMP_SPECIALITY , EMP_EXPERIENCE , EMP_TYPE)
VALUES('HR02',01,'TUAN',22,'QUAN 5','0388838362',10000000,500000,'NHAN SU',5,01);

INSERT INTO EMPLOYEES(EMP_ID , UNIT_ID, EMP_NAME , EMP_AGE , EMP_ADDRESS , EMP_PHONE , EMP_BASIC_SALARY , EMP_ALLOWANCE , EMP_SPECIALITY , EMP_EXPERIENCE , EMP_TYPE)
VALUES('ACCOUNTING_MANAGER01',02,'TRI',22,'QUAN 5','0388838362',10000000,500000,'QL TAI VU',5,02);

INSERT INTO EMPLOYEES(EMP_ID , UNIT_ID, EMP_NAME , EMP_AGE , EMP_ADDRESS , EMP_PHONE , EMP_BASIC_SALARY , EMP_ALLOWANCE , EMP_SPECIALITY , EMP_EXPERIENCE , EMP_TYPE)
VALUES('ACCOUNTING_MANAGER02',02,'TRINH',22,'QUAN 5','0388838362',10000000,500000,'QL TAI VU',5,02);

INSERT INTO EMPLOYEES(EMP_ID , UNIT_ID, EMP_NAME , EMP_AGE , EMP_ADDRESS , EMP_PHONE , EMP_BASIC_SALARY , EMP_ALLOWANCE , EMP_SPECIALITY , EMP_EXPERIENCE , EMP_TYPE)
VALUES('SPECIALIZE_MANAGER01',06,'TRIEU',22,'QUAN 5','0388838362',10000000,500000,'QL CHUYEN MON',5,03);

INSERT INTO EMPLOYEES(EMP_ID , UNIT_ID, EMP_NAME , EMP_AGE , EMP_ADDRESS , EMP_PHONE , EMP_BASIC_SALARY , EMP_ALLOWANCE , EMP_SPECIALITY , EMP_EXPERIENCE , EMP_TYPE)
VALUES('SPECIALIZE_MANAGER02',06,'LOAN',22,'QUAN 5','0388838362',10000000,500000,'QL CHUYEN MON',5,03);

INSERT INTO EMPLOYEES(EMP_ID , UNIT_ID, EMP_NAME , EMP_AGE , EMP_ADDRESS , EMP_PHONE , EMP_BASIC_SALARY , EMP_ALLOWANCE , EMP_SPECIALITY , EMP_EXPERIENCE , EMP_TYPE)
VALUES('RECEPTIONIST01',05,'TRA',22,'QUAN 5','0388838362',10000000,500000,'TIEP TAN VA DIEU PHOI',5,04);

INSERT INTO EMPLOYEES(EMP_ID , UNIT_ID, EMP_NAME , EMP_AGE , EMP_ADDRESS , EMP_PHONE , EMP_BASIC_SALARY , EMP_ALLOWANCE , EMP_SPECIALITY , EMP_EXPERIENCE , EMP_TYPE)
VALUES('RECEPTIONIST02',05,'TRA',22,'QUAN 5','0388838362',10000000,500000,'TIEP TAN VA DIEU PHOI',5,04);

INSERT INTO EMPLOYEES(EMP_ID , UNIT_ID, EMP_NAME , EMP_AGE , EMP_ADDRESS , EMP_PHONE , EMP_BASIC_SALARY , EMP_ALLOWANCE , EMP_SPECIALITY , EMP_EXPERIENCE , EMP_TYPE)
VALUES('FINANCE_STAFF01',02,'THU',22,'QUAN 5','0388838362',10000000,500000,'NV TAI VU',5,02);

INSERT INTO EMPLOYEES(EMP_ID , UNIT_ID, EMP_NAME , EMP_AGE , EMP_ADDRESS , EMP_PHONE , EMP_BASIC_SALARY , EMP_ALLOWANCE , EMP_SPECIALITY , EMP_EXPERIENCE , EMP_TYPE)
VALUES('FINANCE_STAFF02',02,'THU',22,'QUAN 5','0388838362',10000000,500000,'NV TAI VU',5,02);

INSERT INTO EMPLOYEES(EMP_ID , UNIT_ID, EMP_NAME , EMP_AGE , EMP_ADDRESS , EMP_PHONE , EMP_BASIC_SALARY , EMP_ALLOWANCE , EMP_SPECIALITY , EMP_EXPERIENCE , EMP_TYPE)
VALUES('ACCOUNTING_STAFF01',04,'HUNG',22,'QUAN 5','0388838362',10000000,500000,'NV KE TOAN',5,05);

INSERT INTO EMPLOYEES(EMP_ID , UNIT_ID, EMP_NAME , EMP_AGE , EMP_ADDRESS , EMP_PHONE , EMP_BASIC_SALARY , EMP_ALLOWANCE , EMP_SPECIALITY , EMP_EXPERIENCE , EMP_TYPE)
VALUES('ACCOUNTING_STAFF02',04,'PHUONG',22,'QUAN 5','0388838362',10000000,500000,'NV KE TOAN',5,05);

INSERT INTO EMPLOYEES(EMP_ID , UNIT_ID, EMP_NAME , EMP_AGE , EMP_ADDRESS , EMP_PHONE , EMP_BASIC_SALARY , EMP_ALLOWANCE , EMP_SPECIALITY , EMP_EXPERIENCE , EMP_TYPE)
VALUES('PHARMACIST01',07,'HOANG',22,'QUAN 5','0388838362',10000000,500000,'BAN THUOC',5,06);

INSERT INTO EMPLOYEES(EMP_ID , UNIT_ID, EMP_NAME , EMP_AGE , EMP_ADDRESS , EMP_PHONE , EMP_BASIC_SALARY , EMP_ALLOWANCE , EMP_SPECIALITY , EMP_EXPERIENCE , EMP_TYPE)
VALUES('PHARMACIST02',07,'THINH',22,'QUAN 5','0388838362',10000000,500000,'BAN THUOC',5,06);

INSERT INTO EMPLOYEES(EMP_ID , UNIT_ID, EMP_NAME , EMP_AGE , EMP_ADDRESS , EMP_PHONE , EMP_BASIC_SALARY , EMP_ALLOWANCE , EMP_SPECIALITY , EMP_EXPERIENCE , EMP_TYPE)
VALUES('DOCTOR01',03,'VAN HUNG',22,'QUAN 5','0388838362',10000000,500000,'BAC SI TIM',5,07);

INSERT INTO EMPLOYEES(EMP_ID , UNIT_ID, EMP_NAME , EMP_AGE , EMP_ADDRESS , EMP_PHONE , EMP_BASIC_SALARY , EMP_ALLOWANCE , EMP_SPECIALITY , EMP_EXPERIENCE , EMP_TYPE)
VALUES('DOCTOR02',03,'TRAN HUNG',22,'QUAN 5','0388838362',10000000,500000,'BAC SI PHAU THUAT',5,07);

/* --------------- INSERT DU LIEU BANG SHIFTS --------------- */
INSERT INTO SHIFTS(SHIFT_ID , EMP_ID , DEP_ID , START_TIME , END_TIME )
VALUES(01,'DOCTOR01',01,TO_TIMESTAMP('2021-06-09 08:00','YYYY-MM-DD HH24:MI'),TO_TIMESTAMP('2021-06-09 11:30','YYYY-MM-DD HH24:MI'));

INSERT INTO SHIFTS(SHIFT_ID , EMP_ID , DEP_ID , START_TIME , END_TIME )
VALUES(02,'DOCTOR01',02,TO_TIMESTAMP('2021-06-10 15:00','YYYY-MM-DD HH24:MI'),TO_TIMESTAMP('2021-06-10 22:30','YYYY-MM-DD HH24:MI'));

INSERT INTO SHIFTS(SHIFT_ID , EMP_ID , DEP_ID , START_TIME , END_TIME )
VALUES(03,'DOCTOR01',03,TO_TIMESTAMP('2021-06-09 22:00','YYYY-MM-DD HH24:MI'),TO_TIMESTAMP('2021-06-10 06:30','YYYY-MM-DD HH24:MI'));

INSERT INTO SHIFTS(SHIFT_ID , EMP_ID , DEP_ID , START_TIME , END_TIME )
VALUES(04,'DOCTOR01',04,TO_TIMESTAMP('2021-06-11 08:00','YYYY-MM-DD HH24:MI'),TO_TIMESTAMP('2021-06-11 11:30','YYYY-MM-DD HH24:MI'));

INSERT INTO SHIFTS(SHIFT_ID , EMP_ID , DEP_ID , START_TIME , END_TIME )
VALUES(05,'DOCTOR02',01,TO_TIMESTAMP('2021-06-09 12:00','YYYY-MM-DD HH24:MI'),TO_TIMESTAMP('2021-06-09 20:30','YYYY-MM-DD HH24:MI'));

INSERT INTO SHIFTS(SHIFT_ID , EMP_ID , DEP_ID , START_TIME , END_TIME )
VALUES(06,'DOCTOR02',02,TO_TIMESTAMP('2021-06-10 08:00','YYYY-MM-DD HH24:MI'),TO_TIMESTAMP('2021-06-10 12:30','YYYY-MM-DD HH24:MI'));

INSERT INTO SHIFTS(SHIFT_ID , EMP_ID , DEP_ID , START_TIME , END_TIME )
VALUES(07,'DOCTOR02',03,TO_TIMESTAMP('2021-06-12 12:00','YYYY-MM-DD HH24:MI'),TO_TIMESTAMP('2021-06-12 20:30','YYYY-MM-DD HH24:MI'));

INSERT INTO SHIFTS(SHIFT_ID , EMP_ID , DEP_ID , START_TIME , END_TIME )
VALUES(08,'DOCTOR02',04,TO_TIMESTAMP('2021-06-13 12:00','YYYY-MM-DD HH24:MI'),TO_TIMESTAMP('2021-06-13 20:30','YYYY-MM-DD HH24:MI'));


/* --------------- INSERT DU LIEU BANG ANAMNESIS --------------- */
INSERT INTO ANAMNESIS(ANAMNESIS_ID , PATIENT_ID , EXAM_DATE , COORDINATOR_ID , RESP_DOCTOR_ID , DISEASE_SYMPTOMS , DIAGNOSIS , RE_EXAM_DATE , NOTE )
VALUES(01,'PATIENT01',TO_TIMESTAMP('2021-05-9 8:00','YYYY-MM-DD HH24:MI'),'RECEPTIONIST01','DOCTOR01','DAU DAU, HO','CAM CUM',TO_TIMESTAMP('2021-05-23 09:00','YYYY-MM-DD HH24:MI'),NULL);

INSERT INTO ANAMNESIS(ANAMNESIS_ID , PATIENT_ID , EXAM_DATE , COORDINATOR_ID , RESP_DOCTOR_ID , DISEASE_SYMPTOMS , DIAGNOSIS , RE_EXAM_DATE , NOTE )
VALUES(02,'PATIENT01',TO_TIMESTAMP('2021-05-24 8:00','YYYY-MM-DD HH24:MI'),'RECEPTIONIST02','DOCTOR01','DAU DAU, HO','CAM CUM',TO_TIMESTAMP('2021-06-10 09:00','YYYY-MM-DD HH24:MI'),NULL);

INSERT INTO ANAMNESIS(ANAMNESIS_ID , PATIENT_ID , EXAM_DATE , COORDINATOR_ID , RESP_DOCTOR_ID , DISEASE_SYMPTOMS , DIAGNOSIS , RE_EXAM_DATE , NOTE )
VALUES(03,'PATIENT02',TO_TIMESTAMP('2021-04-9 8:00','YYYY-MM-DD HH24:MI'),'RECEPTIONIST01','DOCTOR01','DAU DAU, HO','CAM CUM',TO_TIMESTAMP('2021-04-23 09:00','YYYY-MM-DD HH24:MI'),NULL);

INSERT INTO ANAMNESIS(ANAMNESIS_ID , PATIENT_ID , EXAM_DATE , COORDINATOR_ID , RESP_DOCTOR_ID , DISEASE_SYMPTOMS , DIAGNOSIS , RE_EXAM_DATE , NOTE )
VALUES(04,'PATIENT02',TO_TIMESTAMP('2021-04-30 8:00','YYYY-MM-DD HH24:MI'),'RECEPTIONIST02','DOCTOR01','DAU DAU, HO','CAM CUM',TO_TIMESTAMP('2021-05-10 09:00','YYYY-MM-DD HH24:MI'),NULL);

INSERT INTO ANAMNESIS(ANAMNESIS_ID , PATIENT_ID , EXAM_DATE , COORDINATOR_ID , RESP_DOCTOR_ID , DISEASE_SYMPTOMS , DIAGNOSIS , RE_EXAM_DATE , NOTE )
VALUES(05,'PATIENT03',TO_TIMESTAMP('2021-05-9 8:00','YYYY-MM-DD HH24:MI'),'RECEPTIONIST01','DOCTOR02','DAU DAU, HO','CAM CUM',TO_TIMESTAMP('2021-05-23 09:00','YYYY-MM-DD HH24:MI'),NULL);

INSERT INTO ANAMNESIS(ANAMNESIS_ID , PATIENT_ID , EXAM_DATE , COORDINATOR_ID , RESP_DOCTOR_ID , DISEASE_SYMPTOMS , DIAGNOSIS , RE_EXAM_DATE , NOTE )
VALUES(06,'PATIENT03',TO_TIMESTAMP('2021-06-19 8:00','YYYY-MM-DD HH24:MI'),'RECEPTIONIST02','DOCTOR02','DAU DAU, HO','CAM CUM',TO_TIMESTAMP('2021-06-30 09:00','YYYY-MM-DD HH24:MI'),NULL);

INSERT INTO ANAMNESIS(ANAMNESIS_ID , PATIENT_ID , EXAM_DATE , COORDINATOR_ID , RESP_DOCTOR_ID , DISEASE_SYMPTOMS , DIAGNOSIS , RE_EXAM_DATE , NOTE )
VALUES(07,'PATIENT04',TO_TIMESTAMP('2021-03-9 8:00','YYYY-MM-DD HH24:MI'),'RECEPTIONIST01','DOCTOR02','DAU DAU, HO','CAM CUM',TO_TIMESTAMP('2021-03-23 09:00','YYYY-MM-DD HH24:MI'),NULL);

INSERT INTO ANAMNESIS(ANAMNESIS_ID , PATIENT_ID , EXAM_DATE , COORDINATOR_ID , RESP_DOCTOR_ID , DISEASE_SYMPTOMS , DIAGNOSIS , RE_EXAM_DATE , NOTE )
VALUES(08,'PATIENT04',TO_TIMESTAMP('2021-04-29 8:00','YYYY-MM-DD HH24:MI'),'RECEPTIONIST02','DOCTOR02','DAU DAU, HO','CAM CUM',TO_TIMESTAMP('2021-05-12 09:00','YYYY-MM-DD HH24:MI'),NULL);


/* --------------- INSERT DU LIEU BANG PRESCRIPTIONS --------------- */
INSERT INTO PRESCRIPTIONS(PRES_ID , ANAMNESIS_ID , MEDICINE_ID , AMOUNT , QUANTITY_PER_DAY , NOTE )
VALUES (01,01,01,05,3,NULL);

INSERT INTO PRESCRIPTIONS(PRES_ID , ANAMNESIS_ID , MEDICINE_ID , AMOUNT , QUANTITY_PER_DAY , NOTE )
VALUES (02,02,02,05,3,NULL);

INSERT INTO PRESCRIPTIONS(PRES_ID , ANAMNESIS_ID , MEDICINE_ID , AMOUNT , QUANTITY_PER_DAY , NOTE )
VALUES (03,03,03,05,3,NULL);

INSERT INTO PRESCRIPTIONS(PRES_ID , ANAMNESIS_ID , MEDICINE_ID , AMOUNT , QUANTITY_PER_DAY , NOTE )
VALUES (04,04,04,05,3,NULL);

INSERT INTO PRESCRIPTIONS(PRES_ID , ANAMNESIS_ID , MEDICINE_ID , AMOUNT , QUANTITY_PER_DAY , NOTE )
VALUES (05,05,01,05,3,NULL);

INSERT INTO PRESCRIPTIONS(PRES_ID , ANAMNESIS_ID , MEDICINE_ID , AMOUNT , QUANTITY_PER_DAY , NOTE )
VALUES (06,06,02,05,3,NULL);

INSERT INTO PRESCRIPTIONS(PRES_ID , ANAMNESIS_ID , MEDICINE_ID , AMOUNT , QUANTITY_PER_DAY , NOTE )
VALUES (07,07,03,05,3,NULL);

INSERT INTO PRESCRIPTIONS(PRES_ID , ANAMNESIS_ID , MEDICINE_ID , AMOUNT , QUANTITY_PER_DAY , NOTE )
VALUES (08,08,04,05,3,NULL);

/* --------------- INSERT DU LIEU BANG HEALTH_EXAMS --------------- */
INSERT INTO HEALTH_EXAMS(EXAM_ID , ANAMNESIS_ID , SERVICE_ID , DOCTOR_ID , DEP_ID , EXAM_DATE , EXAM_RESULT )
VALUES(01,01,01,'DOCTOR02',01,TO_TIMESTAMP('2021-05-9 9:00','YYYY-MM-DD HH24:MI'),'BINH THUONG');

INSERT INTO HEALTH_EXAMS(EXAM_ID , ANAMNESIS_ID , SERVICE_ID , DOCTOR_ID , DEP_ID , EXAM_DATE , EXAM_RESULT )
VALUES(02,02,02,'DOCTOR02',02,TO_TIMESTAMP('2021-04-9 10:00','YYYY-MM-DD HH24:MI'),'BINH THUONG');

INSERT INTO HEALTH_EXAMS(EXAM_ID , ANAMNESIS_ID , SERVICE_ID , DOCTOR_ID , DEP_ID , EXAM_DATE , EXAM_RESULT )
VALUES(03,03,03,'DOCTOR02',03,TO_TIMESTAMP('2021-04-30 9:30','YYYY-MM-DD HH24:MI'),'BINH THUONG');

INSERT INTO HEALTH_EXAMS(EXAM_ID , ANAMNESIS_ID , SERVICE_ID , DOCTOR_ID , DEP_ID , EXAM_DATE , EXAM_RESULT )
VALUES(04,04,04,'DOCTOR02',04,TO_TIMESTAMP('2021-05-9 8:30','YYYY-MM-DD HH24:MI'),'BINH THUONG');

INSERT INTO HEALTH_EXAMS(EXAM_ID , ANAMNESIS_ID , SERVICE_ID , DOCTOR_ID , DEP_ID , EXAM_DATE , EXAM_RESULT )
VALUES(05,05,01,'DOCTOR01',01,TO_TIMESTAMP('2021-06-19 11:00','YYYY-MM-DD HH24:MI'),'BINH THUONG');

INSERT INTO HEALTH_EXAMS(EXAM_ID , ANAMNESIS_ID , SERVICE_ID , DOCTOR_ID , DEP_ID , EXAM_DATE , EXAM_RESULT )
VALUES(06,06,02,'DOCTOR01',02,TO_TIMESTAMP('2021-03-9 09:00','YYYY-MM-DD HH24:MI'),'BINH THUONG');

INSERT INTO HEALTH_EXAMS(EXAM_ID , ANAMNESIS_ID , SERVICE_ID , DOCTOR_ID , DEP_ID , EXAM_DATE , EXAM_RESULT )
VALUES(07,07,03,'DOCTOR01',03,TO_TIMESTAMP('2021-04-29 10:00','YYYY-MM-DD HH24:MI'),'BINH THUONG');

INSERT INTO HEALTH_EXAMS(EXAM_ID , ANAMNESIS_ID , SERVICE_ID , DOCTOR_ID , DEP_ID , EXAM_DATE , EXAM_RESULT )
VALUES(08,08,04,'DOCTOR01',04,TO_TIMESTAMP('2021-05-9 9:00','YYYY-MM-DD HH24:MI'),'BINH THUONG');


/* --------------- INSERT DU LIEU BANG HEALTH_EXAMS --------------- */
INSERT INTO INVOICES(ANAMNESIS_ID , TOTAL_PRICE )
VALUES(01,150000);

INSERT INTO INVOICES(ANAMNESIS_ID , TOTAL_PRICE )
VALUES(02,550000);

INSERT INTO INVOICES(ANAMNESIS_ID , TOTAL_PRICE )
VALUES(03,450000);

INSERT INTO INVOICES(ANAMNESIS_ID , TOTAL_PRICE )
VALUES(04,250000);

INSERT INTO INVOICES(ANAMNESIS_ID , TOTAL_PRICE )
VALUES(05,150000);

INSERT INTO INVOICES(ANAMNESIS_ID , TOTAL_PRICE )
VALUES(06,1500000);

INSERT INTO INVOICES(ANAMNESIS_ID , TOTAL_PRICE )
VALUES(07,500000);

INSERT INTO INVOICES(ANAMNESIS_ID , TOTAL_PRICE )
VALUES(08,300000);




